h2,text,title,h1,keywords,yandex-metrika,googl-anal,description
Прикольные принты на заказ - раскрась мир яркими красками!,"Корзина пуста,Мужчинам,Свитшоты ,-40%,Хит сезона,Футболки ,Худи ,Кружки ,Женщинам,Свитшоты ,-40%,Хит сезона,Футболки ,Худи ,Кружки ,Мальчикам,Свитшоты ,-40%,Хит сезона,Футболки ,Худи ,Кружки ,Девочкам,Свитшоты ,-40%,Хит сезона,Футболки ,Худи ,Кружки ,Топ 12 коллекций,Музыка,Новый год 2018,Животные,Мультфильмы,Рисунки и картинки,Игры,Сериалы,Имена,Россия,MMA/UFC,Футбол,Спорт,Мега Распродажа -80%,Свой дизайн,Оптовым клиентам -70%,Партнерская программа,Дизайнерам,О сервисе,Производство,Доставка и оплата,Отзывы,FAQ,Обмен и возврат,Где мой заказ,Контакты,Магазин,Крутые принты для одежды и аксессуаров —, выбери свой эксклюзивный дизайн!,Каталог,Свитшоты ,-40%,Хит сезона, ,Футболки ,-15%,Худи ,-20%,Кружки ,Корзина пуста,Партнерская программа,Партнерам,Избранное,Где мой заказ?,Где мой заказ?,Доставка и оплата,Обмен и возврат,FAQ,PRINT BAR,Придумано в России,Полная запечатка,Произведем за 72 часа,Финальная, ,Новогодняя, ,Распродажа,Продление до 18 декабря!,до конца распродажи осталось:,часов,минут,секунд,Успей заказать новогодние подарки по супер-цене!,Доставка по всей России!,Условия доставки,Создай дизайн!,
                        ,Топ ,
                        ,12 ,
                        ,Категорий,
                    ,Мужчинам,Музыка,Женщинам,Мужчинам,Новый год 2018,Женщинам,Мужчинам,Животные,Женщинам,Мужчинам,Мультфильмы,Женщинам,Мужчинам,Рисунки и картинки,Женщинам,Мужчинам,Игры,Женщинам,Мужчинам,Сериалы,Женщинам,Мужчинам,Имена,Женщинам,Мужчинам,Россия,Женщинам,Мужчинам,MMA/UFC,Женщинам,Мужчинам,Футбол,Женщинам,Мужчинам,Спорт,Женщинам,Топ, - принтов,ХИТ сезона,NUN,Мужское худи,
					,
						2649 р.
					,
                                                                            ,
						3349 р.
			,
                                                                    ,Купить в 1 клик,FC Bayern Munchen,Мужской свитшот,
					,
						1849 р.
					,
                                                                            ,
						3049 р.
			,
                                                                    ,Купить в 1 клик,UFC Россия,Мужской свитшот,
					,
						1799 р.
					,
                                                                            ,
						2999 р.
			,
                                                                    ,Купить в 1 клик,Бавария Мюнхен,Мужской свитшот,
					,
						1849 р.
					,
                                                                            ,
						3049 р.
			,
                                                                    ,Купить в 1 клик,Неприличные Олени,Мужской свитшот,
					,
						1849 р.
					,
                                                                            ,
						3049 р.
			,
                                                                    ,Купить в 1 клик,FC Bayern Munchen red collection,Мужской свитшот,
					,
						1849 р.
					,
                                                                            ,
						3049 р.
			,
                                                                    ,Купить в 1 клик,Енот,Мужской свитшот,
					,
						1799 р.
					,
                                                                            ,
						2999 р.
			,
                                                                    ,Купить в 1 клик,FC Bayern Munchen,Мужская футболка,
					,
						1249 р.
					,
                                                                            ,
						1440 р.
			,
                                                                    ,Купить в 1 клик,Герб России / Белый на Черном,Мужской свитшот,
					,
						1849 р.
					,
                                                                            ,
						3049 р.
			,
                                                                    ,Купить в 1 клик,FC Bayern Munchen,Мужской свитшот,
					,
						1849 р.
					,
                                                                            ,
						3049 р.
			,
                                                                    ,Купить в 1 клик,Санта хипстер,Мужское худи,
					,
						2649 р.
					,
                                                                            ,
						3349 р.
			,
                                                                    ,Купить в 1 клик,Бавария Мюнхен,Мужской свитшот,
					,
						1849 р.
					,
                                                                            ,
						3049 р.
			,
                                                                    ,Купить в 1 клик,Новый Год,Мужской свитшот,
					,
						1799 р.
					,
                                                                            ,
						2999 р.
			,
                                                                    ,Купить в 1 клик,ФК Бавария Мюнхен,Женская футболка,
					,
						1249 р.
					,
                                                                            ,
						1440 р.
			,
                                                                    ,Купить в 1 клик,Подпишись на скидки и акции:,183 549, счастливых клиентов,
                            ,Отзывы,
                        ,
                                ,
                                        ,
                                                                            ,
                                        ,
                                    ,
                                ,
                                        ,
                                        ,
                                    ,
                                        ,
                                    ,
                                ,
                                        ,
                                        ,
                                    ,
                                        ,
                                    ,
                                ,
                                        ,
                                        ,
                                    ,
                                        ,
                                    ,
                                ,
                                        ,
                                        ,
                                    ,
                                        ,
                                    ,
                                ,
                                        ,
                                        ,
                                    ,
                                        ,
                                    ,Приветствуем Вас в интернет магазине Print Bar - виртуальной галерее классных принтов для печати на одежде и аксессуарах. Мы предлагаем сотни тематических коллекций крутых и прикольных принтов для футболок, маек и свитшотов, среди которых каждый сможет выбрать свой идеальный образ! Хотите быть оригинальным и ни на кого не похожим? С нами это реально! Воспользуйтесь опцией печати креативных принтов на заказ по собственному дизайну. Выбирайте изделие в нашем онлайн-конструкторе, загружайте свой рисунок, надпись или фото, варьируйте цвет, область нанесения и масштаб, и можете считать, что дизайнерский шедевр уже у вас, в какой бы точке мира вы не находились!,Оперативное изготовление заказа гарантировано: независимо от количества товара, он будет произведен в течение 48 часов! Японское оборудование, экологичные материалы безупречного качества и уникальная технология нанесения принтов под воздействием высоких температур на сублимационном плоттере позволяют достичь максимальной цветопередачи и четкости изображения. При этом наши оригинальные и прикольные принты не вымываются вообще - даже через многие годы они останутся такими же насыщенными и яркими, как и в момент покупки! Подтверждено 100% довольных покупателей!,Мы обеспечиваем индивидуальный подход к каждому клиенту - если у нас нет подходящего вам необычного принта, озвучьте свою идею и наши дизайнеры предложат множество вариантов ее реализации!,Каждый день, каждое мгновение вашей жизни имеет свой собственный, яркий и классный принт от Print Bar! Создадим ваш неповторимый стиль вместе!,Коллекции принтов,Контакты,Печать / нанесение принтов, надписей и рисунков,Способы оплаты в интернет магазине,Также Вы можете оплатить заказ наличными при получении,© 2017 print bar, advcreative,Быстрый заказ,Мобильный телефон,Эл. почта,ФИО,(Для получения информации о заказе),Произошла ошибка, попробуйте еще раз,Ваш город автоматически определен!,Если город определен не верно, введите правильное название и сохраните.,Обратный звонок,Скоро с вами свяжется наш специалист!,Продолжить покупки,Мы подобрали товары со ,скидкой, специально для вас",Крутые принты на заказ - креативные и модные принты 2017,Интернет магазин Print Bar — Крутые принты для всех!,"крутые принты, креативные и модные принты 2017 на заказ, купить прикольные и классные принты, заказать стильные и яркие принты для печати",no,no,"Крутые принты на заказ - печать креативных принтов на одежде и аксессуарах от интернет магазина Print Bar. У нас можно купить прикольные, стильные и модные принты 2017 с доставкой по Москве и России."
